wall_time,scan_stamp,scan_age_ms,odom_stamp,odom_age_ms,scan_minus_odom_ms,odom_raw_stamp,odom_raw_age_ms,scan_minus_odom_raw_ms
1783157779.125611,1783157778.931304932,194.203,,,,,,
1783157779.132371,1783157779.013993025,118.260,1783157778.971,161.430,43.170,1783157779.016,116.210,-2.050
1783157779.138755,1783157779.096517801,42.094,1783157779.021,117.841,75.747,1783157779.066,72.509,30.415
1783157779.184568,1783157779.182493687,1.962,1783157779.121,63.716,61.754,1783157779.166,18.320,16.358
1783157779.271049,1783157779.267394066,3.531,1783157779.221,50.217,46.686,1783157779.266,4.887,1.356
1783157779.347531,1783157779.345780611,1.638,1783157779.321,26.722,25.084,1783157779.316,31.109,29.471
1783157779.430566,1783157779.427735567,2.605,1783157779.371,59.413,56.808,1783157779.416,14.304,11.699
1783157779.515430,1783157779.513658047,1.661,1783157779.471,44.556,42.895,1783157779.466,49.284,47.623
1783157779.597605,1783157779.595770359,1.720,1783157779.571,26.633,24.913,1783157779.566,31.431,29.711
1783157779.686423,1783157779.682839870,3.470,1783157779.671,15.616,12.146,1783157779.666,20.286,16.815
