wall_time,scan_stamp,scan_age_ms,scan_duration_ms,scan_minus_nearest_imu_end_ms,scan_minus_nearest_imu_mid_ms,scan_minus_nearest_odom_end_ms,scan_minus_nearest_odom_mid_ms,latest_imu_minus_nearest_odom_ms,latest_imu_age_ms,latest_odom_age_ms,imu_buffer_size,odom_buffer_size
1784343989.467610,1784343989.464153767,2.874,81.604,3.568,2.767,12.839,22.031,9.271,6.442,15.713,61,12
1784343989.551426,1784343989.549137592,1.716,84.988,8.558,-3.950,47.562,5.069,39.005,10.274,49.279,69,13
1784343989.641006,1784343989.635261774,5.234,85.303,4.373,1.909,33.873,-8.778,29.500,9.607,39.107,78,15
1784343989.717994,1784343989.715654850,1.813,79.340,4.878,-4.577,14.342,24.650,9.464,6.691,16.155,86,17
1784343989.810019,1784343989.799775839,9.683,85.823,-1.752,-3.799,-1.542,5.576,0.210,7.931,8.141,95,19
1784343989.889178,1784343989.882050037,6.460,82.429,1.322,0.224,30.235,-10.979,28.913,7.782,36.695,103,20
1784343989.976005,1784343989.969794035,5.603,87.756,-0.894,-4.666,18.504,23.985,19.398,4.709,24.107,112,22
1784343990.052695,1784343990.050159931,1.966,80.303,9.582,-0.581,48.814,8.662,39.232,11.548,50.780,119,23
1784343990.135071,1784343990.131940126,2.559,81.842,1.353,0.461,30.661,-10.260,29.308,3.912,33.220,128,25
1784343990.216379,1784343990.213907957,1.777,81.967,3.319,2.311,12.621,21.630,9.302,5.095,14.398,136,27
1784343990.301567,1784343990.299378157,1.545,85.484,8.824,-3.924,48.114,5.372,39.291,10.368,49.659,144,28
1784343990.385263,1784343990.381472588,3.133,82.080,0.870,-0.158,30.135,-10.905,29.265,4.003,33.268,153,30
1784343990.469198,1784343990.467144489,1.380,85.676,6.551,3.749,15.841,22.969,9.290,7.932,17.221,161,32
1784343990.555855,1784343990.549365282,5.725,82.214,-1.228,-2.322,48.045,6.938,49.273,4.497,53.770,170,33
1784343990.635269,1784343990.631531954,2.972,82.169,0.918,-0.120,30.231,-10.853,29.313,3.891,33.203,178,35
1784343990.719441,1784343990.717180252,1.509,85.655,6.606,3.791,15.905,23.042,9.299,8.114,17.414,186,37
1784343990.801827,1784343990.799370766,1.553,82.190,5.803,-2.302,48.086,6.991,42.283,7.356,49.639,194,38
1784343990.885156,1784343990.881359339,2.750,81.986,0.798,-0.219,30.079,-10.914,29.281,3.548,32.829,203,40
1784343990.969475,1784343990.967152834,1.494,85.793,6.569,3.679,15.875,22.970,9.307,8.063,17.369,211,42
1784343991.052019,1784343991.049393654,1.680,82.233,8.798,-2.295,48.057,6.940,39.259,10.478,49.737,219,43
1784343991.135511,1784343991.131443262,2.964,0.000,0.861,0.861,30.183,30.183,29.322,3.824,33.146,228,45
1784343991.219481,1784343991.217088223,1.451,85.197,6.510,3.915,15.849,23.223,9.339,7.961,17.300,236,47
1784343991.301867,1784343991.299258947,1.551,82.160,8.713,-2.374,48.017,6.937,39.304,10.264,49.567,244,48
1784343991.387551,1784343991.384968758,1.570,85.716,4.411,1.519,33.726,-9.132,29.315,5.981,35.296,253,50
1784343991.469382,1784343991.466992617,1.401,82.026,6.427,-4.603,15.728,24.685,9.301,7.828,17.129,261,52
1784343991.552237,1784343991.549413681,1.655,82.415,8.830,-2.377,48.169,6.961,39.338,10.485,49.823,269,53
1784343991.637681,1784343991.635017633,1.578,85.597,4.418,1.629,33.766,-9.032,29.349,5.996,35.344,278,55
1784343991.719622,1784343991.717109203,1.441,82.103,6.538,-4.552,15.861,24.810,9.323,7.979,17.302,286,57
1784343991.801894,1784343991.799174309,1.519,82.069,8.603,-2.440,47.912,6.878,39.309,10.121,49.431,294,58
1784343991.887575,1784343991.884829998,1.578,85.656,4.264,1.421,33.589,-9.239,29.325,5.842,35.167,303,60
1784343991.969810,1784343991.966932535,1.528,82.103,6.342,-4.688,15.676,24.634,9.335,7.869,17.204,311,62
1784343992.055648,1784343992.052680731,1.762,85.748,2.104,-0.757,51.424,8.550,49.321,3.866,53.187,310,60
1784343992.137373,1784343992.134851217,1.392,82.170,4.273,3.222,33.614,-7.471,29.341,5.665,35.006,300,60
1784343992.219527,1784343992.216943502,1.446,82.090,6.353,-4.645,15.619,24.650,9.266,7.799,17.065,300,60
1784343992.308932,1784343992.302805185,4.934,85.853,2.255,-0.693,1.560,8.621,-0.695,7.189,6.493,300,60
1784343992.387435,1784343992.384733677,1.472,81.937,4.184,3.189,33.488,-7.481,29.304,5.655,34.959,300,60
1784343992.473256,1784343992.470463991,1.635,85.720,9.909,-2.981,19.214,-23.646,9.305,11.544,20.849,300,60
1784343992.555537,1784343992.552646875,1.748,82.196,2.070,0.981,51.387,10.289,49.317,3.818,53.135,300,60
1784343992.637332,1784343992.634787560,1.388,82.136,4.203,3.158,33.530,-7.537,29.328,5.591,34.919,300,60
1784343992.723142,1784343992.720401764,1.595,85.621,9.804,-2.955,19.157,-23.654,9.352,11.399,20.751,300,60
1784343992.805611,1784343992.802621126,1.812,82.211,2.075,0.932,51.403,10.297,49.327,3.888,53.215,301,60
1784343992.887194,1784343992.884684086,1.308,82.070,4.127,3.068,33.445,-7.590,29.318,5.435,34.753,300,60
1784343992.973806,1784343992.970376492,2.251,85.681,9.795,-3.153,19.141,-23.699,9.346,12.047,21.392,300,60
1784343993.055517,1784343993.052558422,1.797,82.191,2.002,0.890,51.339,10.244,49.337,3.800,53.137,300,60
1784343993.141464,1784343993.134708166,5.479,82.159,4.134,3.083,33.486,-7.594,29.352,9.613,38.965,300,60
1784343993.223387,1784343993.220360994,1.837,85.646,9.795,-3.000,19.095,-23.728,9.301,11.632,20.933,300,60
1784343993.306619,1784343993.302656651,2.698,82.250,2.088,0.992,51.426,10.301,49.337,4.786,54.124,300,60
1784343993.390916,1784343993.388151884,1.570,85.541,7.610,4.812,36.939,-5.831,29.329,9.180,38.509,300,60
1784343993.473439,1784343993.470255136,2.017,82.092,9.698,-1.369,19.044,-22.003,9.346,11.715,21.061,300,60
1784343993.555577,1784343993.552449226,1.951,82.201,1.917,0.783,51.223,10.123,49.307,3.868,53.174,300,60
1784343993.641270,1784343993.638123512,1.802,85.665,7.551,4.749,36.884,-5.949,29.333,9.352,38.685,300,60
1784343993.723183,1784343993.720249176,1.717,82.128,9.674,-1.368,19.020,-22.044,9.346,11.391,20.737,300,60
1784343993.805986,1784343993.802403212,2.198,82.152,1.876,0.756,51.192,10.116,49.316,4.074,53.390,301,60
1784343993.890802,1784343993.888123989,1.514,85.733,7.571,4.692,36.900,-5.966,29.329,9.085,38.414,300,60
1784343993.973108,1784343993.970193148,1.755,82.054,9.633,-1.407,18.998,-22.029,9.365,11.388,20.753,300,60
1784343994.058542,1784343994.055938721,1.456,85.752,5.390,2.507,4.719,11.865,-0.671,6.846,6.175,300,61
1784343994.140828,1784343994.138020277,1.613,82.091,7.451,-3.576,36.806,-4.240,29.355,9.064,38.419,300,60
1784343994.222878,1784343994.220199585,1.475,82.174,9.646,-1.420,18.991,-22.096,9.346,11.120,20.466,300,60
1784343994.308453,1784343994.305947304,1.342,85.744,5.405,2.515,4.722,11.860,-0.683,6.748,6.065,300,60
1784343994.391243,1784343994.388043165,1.733,82.102,7.487,-3.553,36.827,-4.224,29.340,9.221,38.561,300,60
1784343994.476268,1784343994.473730564,1.338,85.683,3.171,0.324,22.518,-20.323,19.347,4.509,23.856,300,60
1784343994.558361,1784343994.555824995,1.390,82.099,5.255,4.198,4.604,13.600,-0.650,6.644,5.994,300,60
1784343994.640800,1784343994.637990236,1.599,82.161,7.414,-3.624,36.786,-4.294,29.372,9.013,38.386,300,60
1784343994.726827,1784343994.724273205,1.384,86.269,3.729,0.600,23.076,-20.058,19.347,5.113,24.460,300,60
1784343994.808402,1784343994.805846691,1.371,81.590,5.305,4.488,4.639,13.835,-0.666,6.676,6.010,300,60
1784343994.890622,1784343994.887937784,1.518,82.089,7.394,-3.657,36.738,-4.307,29.343,8.912,38.256,300,60
1784343994.976869,1784343994.973677158,1.868,85.741,3.127,0.242,22.478,-20.393,19.350,4.995,24.345,300,60
1784343995.058446,1784343995.055791616,1.501,82.109,5.242,4.165,4.566,13.533,-0.676,6.743,6.067,300,61
1784343995.140718,1784343995.137908220,1.617,82.123,7.335,-3.691,36.683,-4.379,29.347,8.952,38.299,300,60
1784343995.226588,1784343995.223953724,1.432,86.040,3.401,0.395,22.764,-20.257,19.362,4.833,24.195,300,60
1784343995.308861,1784343995.305905342,1.806,81.951,2.290,4.369,4.752,13.734,2.463,4.095,6.558,300,60
1784343995.395352,1784343995.391799450,2.370,85.863,1.254,-1.703,40.608,-2.324,39.353,3.624,42.978,300,60
1784343995.476594,1784343995.473585367,1.567,81.820,3.035,1.977,22.390,-18.520,19.355,4.602,23.957,300,60
1784343995.558676,1784343995.555701733,1.796,82.126,5.146,4.070,4.497,13.459,-0.649,6.942,6.293,300,60
1784343995.645802,1784343995.641482353,3.016,85.768,0.920,-1.949,40.282,-2.602,39.362,3.935,43.298,300,60
1784343995.726351,1784343995.723597765,1.579,0.000,3.055,3.055,22.420,22.420,19.365,4.633,23.998,301,60
1784343995.808315,1784343995.805728436,1.427,81.283,5.199,4.548,4.539,13.901,-0.660,6.626,5.966,300,61
1784343995.896456,1784343995.891348362,3.543,85.625,0.789,-2.012,40.166,-2.647,39.376,4.332,43.709,300,60
1784343995.976005,1784343995.973502398,1.299,82.160,2.939,1.827,22.285,-18.795,19.346,4.238,23.584,301,60
1784343996.062025,1784343996.059188366,1.556,85.669,8.629,-4.198,7.984,15.165,-0.645,10.185,9.540,300,60
1784343996.145462,1784343996.141390324,2.833,82.215,0.835,-0.257,40.179,-0.928,39.344,3.668,43.012,300,60
1784343996.226212,1784343996.223488331,1.551,82.090,2.951,1.904,22.278,-18.767,19.326,4.502,23.828,300,60
1784343996.312018,1784343996.309164524,1.547,85.686,8.617,-4.195,7.991,15.139,-0.626,10.164,9.538,300,60
1784343996.397076,1784343996.394456863,1.405,85.296,3.912,1.258,43.272,0.624,39.359,5.317,44.676,300,60
1784343996.475983,1784343996.473431826,1.314,78.976,2.899,3.380,22.239,-17.249,19.340,4.212,23.553,301,60
1784343996.567069,1784343996.559055328,6.770,85.624,-2.136,-4.302,7.835,15.067,9.971,4.635,14.606,300,60
1784343996.645530,1784343996.641279221,3.034,82.225,0.719,-0.362,40.106,-1.007,39.387,3.753,43.140,300,60
1784343996.729699,1784343996.726986408,1.477,85.709,6.445,3.590,25.825,-17.030,19.380,7.922,27.302,300,60
1784343996.811980,1784343996.809109211,1.541,82.113,8.578,-2.499,7.928,16.881,-0.650,10.119,9.469,300,60
1784343996.895824,1784343996.891202927,3.338,82.088,0.673,-0.391,40.029,-1.015,39.356,4.011,43.367,300,60
1784343996.979643,1784343996.976899862,1.527,85.709,6.352,3.486,25.662,-17.193,19.310,7.879,27.189,300,60
1784343997.062016,1784343997.058957100,1.778,82.050,8.419,-2.608,7.731,16.786,-0.688,10.198,9.509,300,60
1784343997.145415,1784343997.141223907,2.965,82.268,0.679,-0.442,40.000,-1.134,39.321,3.644,42.965,300,60
1784343997.233320,1784343997.226890326,5.198,85.679,6.362,3.522,25.727,-17.113,19.365,11.560,30.924,300,60
1784343997.312033,1784343997.309011936,1.673,82.104,8.473,-2.543,7.798,16.808,-0.675,10.145,9.471,300,60
1784343997.397460,1784343997.394679785,1.549,85.677,4.142,1.312,43.533,0.694,39.391,5.692,45.082,301,60
1784343997.479537,1784343997.476861954,1.488,82.183,6.347,-4.790,25.716,-15.375,19.369,7.835,27.204,300,60
1784343997.561874,1784343997.558912277,1.624,82.046,8.359,-2.634,7.781,16.734,-0.579,9.984,9.405,300,60
1784343997.647166,1784343997.644676447,1.313,85.769,4.132,1.277,43.551,0.667,39.419,5.445,44.864,300,60
1784343997.729556,1784343997.726816654,1.488,82.145,6.294,-4.773,25.704,-15.368,19.410,7.782,27.192,300,60
1784343997.811904,1784343997.809010029,1.553,82.179,8.479,-2.614,7.880,16.787,-0.599,10.032,9.433,300,60
1784343997.897450,1784343997.894637108,1.598,85.622,4.109,1.287,43.520,0.709,39.412,5.706,45.118,300,60
1784343997.979589,1784343997.976789236,1.496,82.163,6.253,-4.843,25.683,-15.398,19.430,7.750,27.180,300,60
1784343998.066279,1784343998.062563658,2.257,85.768,1.943,-0.878,11.450,18.541,9.507,4.201,13.708,300,60
1784343998.147730,1784343998.144685507,1.613,82.093,4.124,3.077,43.520,2.474,39.397,5.737,45.134,300,60
1784343998.229682,1784343998.226786375,1.603,82.143,6.260,-4.815,25.679,-15.392,19.419,7.863,27.282,300,60
1784343998.315885,1784343998.312550306,2.076,0.000,1.993,1.993,11.214,11.214,9.221,4.069,13.290,300,60
1784343998.397183,1784343998.394572496,1.382,81.544,4.027,3.250,43.231,2.459,39.204,5.409,44.613,300,60
1784343998.482999,1784343998.480200768,1.597,85.625,9.666,-3.167,29.095,-13.717,19.429,11.263,30.692,300,60
1784343998.565603,1784343998.562493324,1.944,0.000,1.957,1.957,11.385,11.385,9.428,3.901,13.329,300,60
1784343998.647258,1784343998.644606113,1.469,81.698,4.058,3.229,43.478,2.629,39.419,5.528,44.947,300,60
1784343998.733235,1784343998.730311394,1.702,85.693,9.793,-3.060,29.197,-13.649,19.404,11.495,30.899,300,60
1784343998.818770,1784343998.812513351,5.071,0.000,1.982,1.982,11.391,11.391,9.409,7.053,16.463,300,60
1784343998.897719,1784343998.894560099,1.708,77.988,4.031,-4.988,43.430,4.436,39.399,5.739,45.138,300,60
1784343998.983002,1784343998.980175257,1.652,85.627,9.634,-3.349,29.077,-13.737,19.443,11.286,30.728,300,60
1784343999.065317,1784343999.062392950,1.749,82.222,1.864,0.763,11.281,20.166,9.417,3.614,13.031,301,60
1784343999.151323,1784343999.148011446,2.018,85.614,7.479,4.674,46.890,4.083,39.411,9.498,48.908,300,60
1784343999.236244,1784343999.230186939,4.879,82.180,9.664,-1.420,29.042,-12.048,19.378,14.544,33.922,299,60
1784343999.315669,1784343999.312428713,2.042,82.229,1.892,0.809,11.305,20.186,9.413,3.934,13.347,301,60
1784343999.404283,1784343999.398007393,4.958,85.597,7.486,4.577,46.888,4.090,39.402,12.444,51.846,299,60
1784343999.482848,1784343999.480089903,1.529,82.082,9.587,-1.491,28.854,-12.187,19.267,11.116,30.383,300,60
1784343999.565752,1784343999.562301874,2.230,82.207,1.744,0.673,11.186,20.083,9.442,3.974,13.416,300,60
1784343999.650743,1784343999.647968531,1.579,85.670,7.420,4.606,46.857,4.022,39.437,8.999,48.436,300,60
1784343999.733052,1784343999.730145931,1.664,82.170,9.629,-1.465,29.059,-12.025,19.430,11.294,30.724,300,60
1784343999.815860,1784343999.812356949,2.230,82.200,1.824,0.716,11.250,20.180,9.426,4.054,13.480,301,60
1784343999.900656,1784343999.897963285,1.506,85.629,7.446,4.608,46.864,4.050,39.418,8.953,48.370,300,60
1784343999.982875,1784343999.980115175,1.535,82.135,9.578,-1.492,29.018,-12.049,19.440,11.113,30.553,300,60
1784344000.068297,1784344000.065729141,1.370,85.627,5.199,2.393,14.623,21.828,9.423,6.569,15.992,300,60
1784344000.154035,1784344000.147903204,4.943,82.167,7.365,-3.742,46.799,5.716,39.435,12.307,51.742,299,60
1784344000.233475,1784344000.230414391,1.722,82.509,9.888,-1.393,29.297,-11.958,19.408,11.610,31.019,300,60
1784344000.318352,1784344000.315772533,1.394,85.363,5.238,2.607,14.668,21.943,9.430,6.632,16.062,300,60
1784344000.400611,1784344000.397925138,1.504,82.157,7.410,-3.702,43.548,2.469,36.138,8.914,45.052,300,60
1784344000.482827,1784344000.480006218,1.564,82.072,9.513,-1.575,28.906,-12.130,19.393,11.077,30.470,300,60
1784344000.568423,1784344000.565741777,1.470,85.750,5.200,2.347,14.604,21.777,9.404,6.670,16.074,300,60
1784344000.651165,1784344000.647838116,1.701,82.084,7.301,-3.737,46.724,5.682,39.423,9.001,48.424,300,60
1784344000.736586,1784344000.733835220,1.581,85.994,3.242,0.329,32.732,-10.265,29.489,4.823,34.313,300,60
1784344000.818421,1784344000.815760374,1.474,81.935,5.234,4.260,14.653,23.700,9.420,6.707,16.127,300,60
1784344000.900592,1784344000.897871971,1.518,82.110,7.356,-3.711,46.792,5.737,39.436,8.873,48.309,300,60
1784344000.986030,1784344000.983538151,1.316,85.670,3.012,0.172,32.474,-10.360,29.462,4.328,33.790,300,60
1784344001.068362,1784344001.065677166,1.500,82.139,5.138,4.089,14.599,23.495,9.461,6.638,16.100,300,60
1784344001.155437,1784344001.151431322,2.773,85.745,0.881,-2.044,50.340,7.468,49.459,3.655,53.114,300,60
1784344001.236375,1784344001.233544350,1.597,82.120,2.936,1.979,32.468,-8.592,29.532,4.534,34.065,300,60
1784344001.318302,1784344001.315672159,1.447,82.127,5.130,4.097,14.580,23.521,9.450,6.577,16.027,300,60
1784344001.405846,1784344001.401298285,3.260,0.000,0.781,0.781,50.163,50.163,49.382,4.042,53.423,300,60
1784344001.486054,1784344001.483481646,1.382,81.783,2.976,2.058,32.404,-8.488,29.428,4.358,33.786,301,60
1784344001.568200,1784344001.565616131,1.418,82.143,5.087,4.036,14.483,23.393,9.396,6.504,15.900,300,60
1784344001.655565,1784344001.651406288,2.942,85.740,0.893,-2.011,50.262,7.392,49.369,3.835,53.205,300,60
1784344001.736306,1784344001.733494043,1.641,82.128,2.958,1.890,32.377,-8.687,29.418,4.600,34.018,301,60
1784344001.821864,1784344001.819128513,1.471,85.644,8.599,-4.207,18.027,21.680,9.429,10.070,19.498,300,60
1784344001.905955,1784344001.901288509,3.357,82.139,0.783,-0.265,50.200,9.131,49.417,4.140,53.557,300,60
1784344001.986170,1784344001.983435869,1.477,82.166,2.919,1.836,32.361,-8.722,29.443,4.396,33.839,301,60
1784344002.075313,1784344002.069076777,5.013,85.645,8.544,-4.291,18.014,-24.808,9.471,13.557,23.027,299,60
1784344002.155371,1784344002.151334763,2.796,82.242,0.809,-0.331,50.269,9.149,49.460,3.605,53.066,300,60
1784344002.236468,1784344002.233444452,1.837,82.114,2.887,-1.237,32.326,-8.731,29.438,4.725,34.163,301,60
1784344002.322153,1784344002.319094419,1.706,85.634,8.576,-4.239,18.019,-24.799,9.443,10.281,19.724,300,60
1784344002.406081,1784344002.401241541,3.525,82.140,0.731,-0.366,50.099,9.029,49.368,4.256,53.625,301,60
1784344002.485986,1784344002.483338594,1.466,82.127,2.836,1.530,32.269,-8.794,29.434,4.301,33.735,301,60
1784344002.571877,1784344002.569041967,1.514,85.699,8.515,-4.347,17.995,-24.854,9.481,10.028,19.509,300,60
1784344002.655766,1784344002.651271343,3.119,82.212,0.741,-0.369,50.183,9.077,49.442,3.861,53.302,300,60
1784344002.740020,1784344002.736885071,1.574,85.625,6.352,3.557,35.841,-6.972,29.489,7.926,37.415,300,60
1784344002.821791,1784344002.819017172,1.501,82.139,8.486,-2.564,17.949,-23.121,9.463,9.987,19.449,300,60
1784344002.906486,1784344002.901180506,4.017,82.147,0.678,-0.405,50.120,9.046,49.442,4.695,54.138,300,59
1784344002.989815,1784344002.986987352,1.496,85.818,6.482,3.553,35.917,-6.993,29.434,7.978,37.412,300,60
1784344003.072047,1784344003.068958521,1.759,81.964,8.437,-2.559,17.862,-23.120,9.425,10.196,19.621,300,60
1784344003.155671,1784344003.151144981,3.309,82.193,0.630,-0.553,50.056,8.960,49.426,3.939,53.364,301,60
1784344003.239597,1784344003.236855507,1.460,85.718,6.289,3.476,35.798,-7.061,29.509,7.749,37.258,301,60
1784344003.321560,1784344003.318924189,1.425,82.068,8.398,-2.612,17.891,-23.143,9.492,9.823,19.316,300,60
1784344003.408433,1784344003.404744148,2.474,85.814,4.242,1.306,3.662,10.770,-0.581,6.716,6.136,300,60
1784344003.489711,1784344003.487035275,1.486,82.297,6.539,-4.614,35.976,-5.173,29.437,8.025,37.462,300,60
1784344003.571926,1784344003.568854809,1.707,81.822,8.330,-2.581,17.791,-23.120,9.461,10.037,19.498,300,60
1784344003.657575,1784344003.654670477,1.730,85.819,4.168,1.248,3.634,10.693,-0.534,5.898,5.364,300,60
1784344003.739644,1784344003.736778259,1.505,82.105,6.242,-4.785,35.737,-5.315,29.495,7.747,37.242,300,60
1784344003.821911,1784344003.818906069,1.656,82.125,8.373,-2.653,17.873,-23.189,9.500,10.030,19.530,300,60
1784344003.909417,1784344003.904954910,3.206,85.982,4.462,1.471,3.935,10.932,-0.526,7.668,7.142,300,60
1784344003.989469,1784344003.986745358,1.519,0.000,6.241,6.241,35.720,35.720,29.479,7.760,37.239,300,60
1784344004.076522,1784344004.072471142,2.537,85.331,1.817,-0.745,21.426,-21.240,19.608,4.354,23.963,300,60
1784344004.157790,1784344004.154623747,1.985,82.162,4.111,3.001,3.581,12.148,-0.529,6.096,5.566,300,61
1784344004.239363,1784344004.236670494,1.420,82.036,6.150,-4.841,35.630,-5.389,29.480,7.570,37.050,300,60
1784344004.325891,1784344004.322438240,2.218,85.771,1.933,-0.943,21.402,-21.484,19.468,4.151,23.619,300,60
1784344004.408192,1784344004.404586315,2.369,0.000,4.086,4.086,3.530,3.530,-0.556,6.455,5.899,300,61
1784344004.489474,1784344004.486649036,1.583,0.000,6.146,6.146,34.864,34.864,28.719,7.729,36.448,300,60
1784344004.575659,1784344004.572349787,2.002,85.294,1.842,-0.847,21.306,-21.342,19.464,3.844,23.308,300,60
1784344004.657874,1784344004.654484272,2.203,82.121,3.961,2.902,3.212,12.355,-0.749,6.164,5.416,300,61
1784344004.743164,1784344004.740256071,1.722,85.767,9.727,-3.132,39.221,-3.662,29.494,11.449,40.943,300,60
1784344004.825512,1784344004.822352409,1.946,82.101,1.854,0.800,21.334,-19.716,19.480,3.801,23.281,301,60
1784344004.909777,1784344004.904500246,4.056,82.120,4.002,2.921,0.178,12.395,-3.824,8.059,4.235,300,61
1784344004.992938,1784344004.990135670,1.518,85.675,9.635,-3.209,39.100,-3.737,29.466,11.153,40.618,300,60
1784344005.076126,1784344005.072478771,2.115,82.338,1.969,0.793,21.454,-19.715,19.485,4.084,23.570,301,60
1784344005.157971,1784344005.154415846,2.356,81.932,3.894,2.930,3.386,12.404,-0.508,6.250,5.742,300,61
1784344005.246288,1784344005.240135908,4.977,85.716,9.603,-3.222,39.080,-3.779,29.476,14.581,44.057,299,60
1784344005.325473,1784344005.322246313,2.007,82.108,1.753,0.697,21.238,-19.815,19.486,3.760,23.245,301,60
1784344005.408501,1784344005.404726028,2.518,82.477,4.240,2.983,3.693,12.451,-0.547,6.758,6.211,300,61
1784344005.492914,1784344005.490079641,1.544,85.366,9.592,-3.109,39.031,-3.652,29.439,11.136,40.575,300,60
1784344005.575655,1784344005.572216272,2.043,82.138,1.713,0.623,21.210,-19.859,19.496,3.756,23.252,301,60
1784344005.663974,1784344005.657889605,4.906,85.666,7.394,4.538,6.878,14.052,-0.516,12.300,11.784,299,60
1784344005.742955,1784344005.740120649,1.578,82.231,9.597,-1.491,39.101,-2.014,29.504,11.175,40.679,300,60
1784344005.825476,1784344005.822200060,2.039,82.082,1.706,0.663,21.177,-19.864,19.471,3.745,23.216,301,60
1784344005.910638,1784344005.907864332,1.550,85.672,7.366,4.521,6.851,13.745,-0.514,8.916,8.401,300,60
1784344005.992931,1784344005.990009546,1.653,82.136,9.523,-1.555,38.964,-2.104,29.442,11.175,40.617,300,60
1784344006.075945,1784344006.072159767,2.363,82.121,1.662,0.543,21.139,-19.922,19.477,4.025,23.502,300,60
1784344006.160491,1784344006.157791853,1.452,85.662,7.289,4.424,6.794,13.932,-0.495,8.741,8.246,300,60
1784344006.242859,1784344006.240048409,1.565,82.235,9.523,-1.559,39.063,-2.054,29.540,11.088,40.628,300,60
1784344006.328220,1784344006.325620174,1.425,85.602,5.122,2.331,24.565,-18.236,19.443,6.547,25.990,300,60
1784344006.410381,1784344006.407760859,1.408,82.136,7.272,-3.808,6.725,15.388,-0.547,8.679,8.133,300,60
1784344006.492889,1784344006.489928484,1.662,82.155,9.400,-1.638,38.913,-2.165,29.513,11.062,40.575,300,60
1784344006.578269,1784344006.575582027,1.507,85.660,5.078,2.224,24.575,-18.255,19.496,6.585,26.081,300,60
1784344006.660889,1784344006.657713890,1.869,82.121,7.215,-3.835,3.302,15.664,-3.912,9.083,5.171,300,60
1784344006.746035,1784344006.739998817,4.851,82.299,9.493,-1.676,38.941,-2.208,29.448,14.344,43.792,300,60
1784344006.828400,1784344006.825627327,1.488,85.628,5.118,2.324,24.638,-18.176,19.520,6.607,26.127,300,60
1784344006.910985,1784344006.908207655,1.518,82.581,7.710,-3.585,7.212,15.922,-0.499,9.228,8.730,300,60
1784344006.996416,1784344006.989865780,5.189,81.654,9.374,-1.460,38.876,-1.951,29.502,14.563,44.065,299,60
1784344007.078221,1784344007.075526714,1.500,85.653,4.941,2.170,24.524,-18.302,19.583,6.441,26.024,300,60
1784344007.160261,1784344007.157584429,1.405,82.068,7.090,-3.933,6.568,12.419,-0.522,8.495,7.973,300,60
1784344007.246237,1784344007.243388653,1.665,85.807,2.875,-0.009,42.405,-0.498,39.530,4.540,44.070,300,60
1784344007.328141,1784344007.325494289,1.471,82.113,5.004,3.957,24.438,-16.619,19.433,6.476,25.909,300,60
1784344007.410165,1784344007.407626152,1.365,82.134,7.144,-3.942,6.628,15.481,-0.516,8.509,7.993,300,60
1784344007.496535,1784344007.493296385,1.944,85.647,2.813,-0.026,42.287,-0.537,39.474,4.757,44.231,300,60
1784344007.581433,1784344007.575458288,4.744,82.167,4.962,3.852,24.466,-16.618,19.504,9.706,29.210,300,60
1784344007.665392,1784344007.661169291,2.990,85.717,0.652,-2.172,10.167,17.297,9.515,3.642,13.157,300,60
1784344007.746263,1784344007.743287563,1.798,82.117,2.753,1.736,42.296,1.237,39.543,4.551,44.094,301,60
1784344007.828404,1784344007.825415373,1.614,82.138,4.928,3.852,24.417,-16.652,19.490,6.541,26.031,300,60
1784344007.915770,1784344007.911640167,2.877,86.214,1.141,-1.959,10.671,17.542,9.530,4.018,13.548,300,60
1784344007.996275,1784344007.993507147,1.513,81.867,3.028,2.079,42.469,1.536,39.441,4.541,43.982,301,60
1784344008.081647,1784344008.078920364,1.500,85.418,8.416,-4.300,27.926,-14.783,19.510,9.916,29.426,300,60
1784344008.165980,1784344008.161149025,3.622,82.224,0.638,-0.448,10.149,19.063,9.511,4.261,13.771,300,60
1784344008.246284,1784344008.243322372,1.784,82.123,2.797,1.768,42.311,1.250,39.514,4.581,44.095,301,60
1784344008.335072,1784344008.328858852,5.032,85.589,8.367,-4.420,24.590,-18.204,16.223,13.399,29.623,299,60
1784344008.416327,1784344008.411679029,3.328,82.814,1.161,-0.234,10.716,19.012,9.556,4.489,14.044,300,60
1784344008.496243,1784344008.493182898,1.769,81.514,2.695,1.913,42.108,1.351,39.414,4.464,43.878,301,60
1784344008.581614,1784344008.578835249,1.553,85.652,8.353,-4.493,27.856,-14.970,19.503,9.906,29.408,300,60
1784344008.665409,1784344008.660984278,3.176,82.138,0.490,-0.570,6.806,18.895,6.316,3.667,9.982,301,60
1784344008.745698,1784344008.743134260,1.384,82.157,2.615,1.567,41.836,0.757,39.220,3.999,43.220,301,60
1784344008.832177,1784344008.828885555,1.830,0.000,8.374,8.374,27.499,27.499,19.124,10.204,29.328,300,60
1784344008.915810,1784344008.912073612,2.442,82.685,1.565,0.230,11.089,19.761,9.523,4.008,13.531,300,60
1784344008.995681,1784344008.993115664,1.349,81.054,2.297,2.108,42.130,1.603,39.833,3.646,43.479,301,60
1784344009.081518,1784344009.078785181,1.521,85.667,8.336,-4.546,27.780,-15.053,19.444,9.857,29.301,300,60
